station,total_2018,total_2019,total_2020,total_2021,total_2022,total_2023,total_2024,total_2025,fatal_2018,fatal_2019,fatal_2020,fatal_2021,fatal_2022,fatal_2023,fatal_2024,fatal_2025,killed_2018,killed_2019,killed_2020,killed_2021,killed_2022,killed_2023,killed_2024,killed_2025,injured_2018,injured_2019,injured_2020,injured_2021,injured_2022,injured_2023,injured_2024,injured_2025,zone,subdivision,killed_est_years,lat,lng
Adugodi,50.0,62.0,29.0,19.0,42.0,63.0,50.0,66.0,3.0,6.0,2.0,2.0,6.0,10.0,5.0,7.0,3.0,6.0,2.0,8.0,6.0,10.0,5.2,7.3,53.0,55.0,30.0,20.0,41.0,67.0,,,South,South East,"2024,2025",12.943,77.61
Airport,109.0,84.0,64.0,143.0,83.0,97.0,96.0,74.0,24.0,16.0,19.0,34.0,18.0,17.0,22.0,21.0,26.0,16.0,19.0,35.0,18.0,17.0,22.8,21.8,77.0,59.0,40.0,113.0,65.0,80.0,,,East,Whitefield,"2024,2025",12.96,77.648
Ashokanagar,55.0,64.0,40.0,42.0,35.0,38.0,35.0,40.0,4.0,6.0,5.0,5.0,4.0,6.0,4.0,14.0,4.0,6.0,7.0,5.0,4.0,6.0,4.1,14.5,55.0,55.0,37.0,48.0,29.0,30.0,,,West,Central,"2024,2025",12.97,77.605
Banasawadi,129.0,129.0,91.0,99.0,116.0,91.0,65.0,101.0,21.0,19.0,15.0,20.0,22.0,14.0,6.0,10.0,21.0,19.0,16.0,21.0,22.0,15.0,6.2,10.4,133.0,106.0,68.0,81.0,118.0,82.0,,,East,East,"2024,2025",13.015,77.652
Banashankari,100.0,103.0,67.0,70.0,67.0,90.0,79.0,85.0,8.0,7.0,12.0,13.0,16.0,15.0,11.0,12.0,8.0,7.0,12.0,13.0,17.0,15.0,11.4,12.4,83.0,98.0,54.0,58.0,55.0,66.0,,,South,South,"2024,2025",12.925,77.56
Basavanagudi,70.0,60.0,52.0,48.0,85.0,102.0,90.0,82.0,3.0,6.0,6.0,5.0,7.0,3.0,8.0,6.0,3.0,6.0,6.0,5.0,7.0,3.0,8.3,6.2,60.0,56.0,42.0,31.0,59.0,98.0,,,South,South,"2024,2025",12.942,77.573
Bellanduru,,,,,,43.0,57.0,76.0,,,,,,9.0,14.0,11.0,,,,,,9.0,14.5,11.4,,,,,,34.0,,,South,HSR Layout,"2024,2025",12.926,77.676
Bytarayanapura,117.0,126.0,106.0,121.0,161.0,182.0,146.0,146.0,17.0,18.0,19.0,21.0,39.0,19.0,19.0,22.0,18.0,18.0,20.0,21.0,40.0,19.0,19.7,22.8,104.0,101.0,68.0,90.0,110.0,125.0,,,West,West,"2024,2025",13.062,77.596
Chamarajpet,42.0,41.0,29.0,28.0,51.0,29.0,15.0,17.0,4.0,7.0,6.0,6.0,7.0,4.0,0.0,4.0,4.0,7.0,6.0,6.0,7.0,4.0,0.0,4.1,38.0,37.0,25.0,24.0,46.0,22.0,,,South,South,"2024,2025",12.958,77.565
Chickpet,54.0,70.0,36.0,30.0,40.0,46.0,41.0,18.0,10.0,12.0,6.0,6.0,7.0,9.0,8.0,3.0,10.0,12.0,6.0,6.0,7.0,10.0,8.3,3.1,48.0,62.0,28.0,21.0,32.0,31.0,,,West,West,"2024,2025",12.968,77.578
Chikkabanavara,,,,,,,90.0,117.0,,,,,,,16.0,13.0,,,,,,,16.6,13.5,,,,,,,,,North,North,"2024,2025",13.087,77.501
Chikkajala,152.0,195.0,182.0,189.0,174.0,137.0,140.0,214.0,38.0,41.0,30.0,32.0,42.0,36.0,32.0,48.0,39.0,44.0,31.0,40.0,42.0,39.0,33.1,49.7,151.0,191.0,172.0,191.0,144.0,129.0,,,North,North East,"2024,2025",13.14,77.615
City Market,20.0,20.0,9.0,7.0,18.0,32.0,42.0,31.0,2.0,3.0,3.0,2.0,3.0,9.0,11.0,3.0,2.0,3.0,3.0,2.0,3.0,9.0,11.4,3.1,17.0,16.0,6.0,4.0,14.0,28.0,,,West,West,"2024,2025",12.964,77.574
Cubbon Park,54.0,51.0,26.0,38.0,37.0,56.0,48.0,50.0,2.0,5.0,2.0,4.0,4.0,2.0,6.0,0.0,2.0,5.0,2.0,4.0,5.0,2.0,6.2,0.0,53.0,56.0,28.0,35.0,31.0,41.0,,,West,Central,"2024,2025",12.977,77.592
Electronic City,160.0,170.0,155.0,129.0,139.0,196.0,178.0,178.0,27.0,32.0,31.0,27.0,26.0,38.0,42.0,40.0,29.0,33.0,31.0,30.0,26.0,39.0,43.5,41.4,115.0,122.0,109.0,116.0,128.0,171.0,,,South,HSR Layout,"2024,2025",12.845,77.66
H.Grounds,60.0,53.0,45.0,38.0,49.0,56.0,55.0,51.0,2.0,5.0,6.0,2.0,4.0,6.0,7.0,2.0,2.0,5.0,6.0,2.0,4.0,6.0,7.3,2.1,51.0,54.0,34.0,38.0,33.0,47.0,,,West,Central,"2024,2025",12.988,77.59
HSR Layout,100.0,106.0,75.0,56.0,64.0,56.0,61.0,64.0,17.0,25.0,15.0,15.0,14.0,16.0,12.0,12.0,17.0,25.0,16.0,15.0,14.0,17.0,12.4,12.4,98.0,109.0,86.0,49.0,56.0,56.0,,,South,HSR Layout,"2024,2025",12.911,77.639
Halasooru,81.0,102.0,51.0,47.0,76.0,67.0,61.0,43.0,12.0,14.0,14.0,19.0,13.0,11.0,12.0,8.0,12.0,15.0,14.0,19.0,14.0,11.0,12.4,8.3,67.0,84.0,41.0,35.0,80.0,48.0,,,East,East,"2024,2025",12.978,77.625
Hebbala,138.0,141.0,109.0,115.0,101.0,144.0,177.0,164.0,32.0,32.0,28.0,18.0,29.0,24.0,29.0,24.0,33.0,33.0,28.0,18.0,30.0,24.0,30.0,24.9,113.0,118.0,99.0,99.0,88.0,118.0,,,North,North East,"2024,2025",13.036,77.597
Hennuru,,,,,,103.0,127.0,88.0,,,,,,23.0,32.0,22.0,,,,,,24.0,33.1,22.8,,,,,,84.0,,,North,North East,"2024,2025",13.04,77.645
Hulimavu,136.0,123.0,80.0,74.0,113.0,108.0,71.0,90.0,30.0,15.0,16.0,6.0,10.0,16.0,10.0,24.0,33.0,15.0,16.0,6.0,11.0,16.0,10.4,24.9,118.0,104.0,74.0,71.0,93.0,117.0,,,South,South East,"2024,2025",12.877,77.603
Indiranagar,74.0,108.0,49.0,32.0,48.0,85.0,119.0,98.0,11.0,14.0,9.0,5.0,13.0,12.0,21.0,24.0,11.0,14.0,9.0,5.0,13.0,12.0,21.8,24.9,60.0,92.0,45.0,28.0,40.0,62.0,,,East,East,"2024,2025",12.972,77.641
Int. Aiport,161.0,160.0,113.0,168.0,154.0,232.0,240.0,146.0,39.0,33.0,25.0,23.0,30.0,59.0,60.0,42.0,45.0,37.0,27.0,24.0,31.0,61.0,62.2,43.5,189.0,197.0,133.0,209.0,164.0,215.0,,,North,North East,"2024,2025",13.199,77.707
JP Nagar,,,,,,,,43.0,,,,,,,,3.0,,,,,,,,3.1,,,,,,,,,South,South,"2024,2025",12.908,77.585
Jalahalli,174.0,107.0,72.0,90.0,80.0,102.0,69.0,56.0,21.0,21.0,19.0,22.0,15.0,28.0,15.0,8.0,21.0,22.0,20.0,23.0,16.0,29.0,15.5,8.3,158.0,104.0,63.0,80.0,75.0,84.0,,,North,North,"2024,2025",13.045,77.545
Jayanagar,81.0,77.0,54.0,60.0,93.0,90.0,85.0,66.0,9.0,16.0,15.0,10.0,8.0,13.0,12.0,11.0,9.0,16.0,15.0,10.0,8.0,13.0,12.4,11.4,71.0,63.0,46.0,55.0,89.0,77.0,,,South,South,"2024,2025",12.93,77.583
Jnanabharathi,,,,,,,141.0,158.0,,,,,,,22.0,18.0,,,,,,,22.8,18.6,,,,,,,,,West,West,"2024,2025",12.943,77.505
K G Halli,23.0,29.0,20.0,22.0,30.0,40.0,54.0,48.0,4.0,7.0,3.0,5.0,7.0,6.0,7.0,11.0,4.0,7.0,3.0,5.0,7.0,6.0,7.3,11.4,24.0,21.0,22.0,18.0,24.0,39.0,,,East,East,"2024,2025",13.033,77.619
K R Puram,283.0,269.0,184.0,64.0,205.0,254.0,241.0,267.0,42.0,49.0,48.0,17.0,39.0,41.0,34.0,34.0,43.0,50.0,50.0,18.0,39.0,42.0,35.2,35.2,221.0,230.0,129.0,48.0,191.0,217.0,,,East,Whitefield,"2024,2025",13.004,77.696
K S Layout,190.0,192.0,159.0,140.0,175.0,154.0,110.0,77.0,33.0,26.0,37.0,45.0,34.0,18.0,20.0,9.0,35.0,28.0,39.0,48.0,36.0,18.0,20.7,9.3,141.0,168.0,130.0,129.0,159.0,137.0,,,South,South,"2024,2025",12.908,77.557
Kamakshipalya,209.0,219.0,159.0,157.0,200.0,241.0,144.0,193.0,22.0,25.0,24.0,33.0,49.0,40.0,18.0,23.0,22.0,27.0,26.0,34.0,50.0,41.0,18.6,23.8,202.0,207.0,154.0,117.0,146.0,202.0,,,West,Vijayanagar,"2024,2025",12.986,77.532
Kengeri,161.0,171.0,86.0,107.0,121.0,279.0,177.0,200.0,24.0,26.0,22.0,22.0,34.0,58.0,31.0,26.0,25.0,27.0,24.0,24.0,36.0,59.0,32.1,26.9,198.0,178.0,88.0,82.0,108.0,237.0,,,West,West,"2024,2025",12.913,77.484
Kodigehalli,,,,,,,,110.0,,,,,,,,13.0,,,,,,,,13.5,,,,,,,,,North,North,"2024,2025",13.063,77.576
Madivala,82.0,84.0,45.0,54.0,45.0,73.0,102.0,90.0,18.0,17.0,11.0,8.0,13.0,14.0,21.0,15.0,18.0,18.0,11.0,8.0,13.0,14.0,21.8,15.5,69.0,65.0,35.0,51.0,30.0,53.0,,,South,South East,"2024,2025",12.92,77.618
Magadi Road,35.0,47.0,25.0,28.0,20.0,50.0,40.0,39.0,1.0,6.0,4.0,4.0,4.0,7.0,4.0,2.0,1.0,6.0,4.0,4.0,4.0,7.0,4.1,2.1,31.0,49.0,18.0,23.0,17.0,42.0,,,West,Vijayanagar,"2024,2025",12.976,77.553
Mahadevapura,,,,,,93.0,106.0,129.0,,,,,,11.0,17.0,24.0,,,,,,12.0,17.6,24.9,,,,,,72.0,,,East,Whitefield,"2024,2025",12.991,77.691
Malleshwaram,101.0,90.0,45.0,36.0,56.0,99.0,66.0,58.0,5.0,7.0,8.0,6.0,6.0,18.0,10.0,6.0,5.0,7.0,8.0,6.0,6.0,18.0,10.4,6.2,85.0,111.0,34.0,32.0,45.0,88.0,,,North,North,"2024,2025",13.003,77.57
Micolayout,64.0,84.0,61.0,70.0,53.0,88.0,96.0,72.0,6.0,12.0,10.0,9.0,11.0,14.0,23.0,15.0,6.0,12.0,10.0,9.0,11.0,14.0,23.8,15.5,58.0,73.0,42.0,60.0,44.0,71.0,,,South,South East,"2024,2025",12.906,77.611
Peenya,227.0,216.0,126.0,125.0,178.0,192.0,137.0,167.0,23.0,33.0,16.0,22.0,32.0,32.0,26.0,19.0,23.0,34.0,16.0,22.0,33.0,32.0,26.9,19.7,213.0,185.0,116.0,113.0,135.0,191.0,,,North,North,"2024,2025",13.029,77.519
Pulikeshinagar,21.0,30.0,19.0,19.0,9.0,27.0,18.0,19.0,5.0,10.0,8.0,10.0,4.0,4.0,4.0,10.0,5.0,10.0,8.0,10.0,4.0,4.0,4.1,10.4,13.0,17.0,9.0,7.0,5.0,24.0,,,East,East,"2024,2025",13.001,77.616
R T Nagar,94.0,74.0,59.0,65.0,67.0,82.0,61.0,33.0,7.0,11.0,9.0,10.0,11.0,8.0,7.0,7.0,8.0,12.0,10.0,10.0,11.0,8.0,7.3,7.3,81.0,56.0,41.0,50.0,50.0,63.0,,,North,North East,"2024,2025",13.022,77.596
Rajajinagar,71.0,55.0,48.0,66.0,101.0,102.0,99.0,91.0,14.0,10.0,12.0,14.0,25.0,16.0,11.0,12.0,14.0,10.0,12.0,14.0,27.0,17.0,11.4,12.4,66.0,51.0,44.0,58.0,77.0,82.0,,,North,North,"2024,2025",12.991,77.552
S.S.Nagar,86.0,58.0,59.0,64.0,68.0,47.0,53.0,62.0,8.0,6.0,8.0,4.0,13.0,8.0,5.0,4.0,8.0,6.0,8.0,4.0,13.0,8.0,5.2,4.1,74.0,54.0,61.0,51.0,50.0,33.0,,,West,Central,"2024,2025",12.978,77.55
Shivajinagar,25.0,34.0,15.0,11.0,25.0,27.0,34.0,18.0,2.0,7.0,1.0,3.0,4.0,6.0,4.0,1.0,2.0,7.0,1.0,3.0,4.0,6.0,4.1,1.0,23.0,22.0,10.0,5.0,25.0,19.0,,,East,East,"2024,2025",12.986,77.605
Thalagattapura,,,,,,89.0,124.0,151.0,,,,,,22.0,20.0,28.0,,,,,,26.0,20.7,29.0,,,,,,69.0,,,South,South,"2024,2025",12.872,77.541
U.Gate,47.0,53.0,33.0,25.0,35.0,54.0,68.0,67.0,4.0,2.0,4.0,3.0,5.0,7.0,6.0,5.0,4.0,2.0,5.0,3.0,5.0,8.0,6.2,5.2,40.0,49.0,27.0,26.0,27.0,44.0,,,West,Central,"2024,2025",12.843,77.568
Upparpet,46.0,47.0,17.0,21.0,27.0,29.0,46.0,47.0,6.0,10.0,2.0,4.0,3.0,9.0,11.0,11.0,6.0,10.0,2.0,4.0,3.0,9.0,11.4,11.4,41.0,37.0,15.0,18.0,25.0,18.0,,,West,West,"2024,2025",12.977,77.574
VV Puram,,,,,,,,19.0,,,,,,,,1.0,,,,,,,,1.0,,,,,,,,,South,South,"2024,2025",12.945,77.576
Vijayanagar,131.0,122.0,92.0,94.0,84.0,79.0,58.0,77.0,7.0,9.0,8.0,8.0,9.0,16.0,6.0,12.0,7.0,9.0,8.0,8.0,9.0,16.0,6.2,12.4,110.0,111.0,76.0,96.0,83.0,66.0,,,West,Vijayanagar,"2024,2025",12.972,77.53
W.Garden,52.0,74.0,37.0,58.0,54.0,65.0,59.0,40.0,6.0,11.0,3.0,9.0,6.0,6.0,6.0,8.0,6.0,11.0,3.0,9.0,7.0,6.0,6.2,8.3,44.0,60.0,29.0,55.0,51.0,45.0,,,West,Central,"2024,2025",12.973,77.63
Whitefield,174.0,192.0,113.0,91.0,166.0,223.0,189.0,95.0,24.0,48.0,21.0,24.0,39.0,43.0,44.0,27.0,24.0,48.0,22.0,24.0,39.0,44.0,45.6,28.0,164.0,167.0,99.0,83.0,127.0,163.0,,,East,Whitefield,"2024,2025",12.97,77.75
Yalahanka,221.0,260.0,195.0,172.0,204.0,236.0,242.0,257.0,46.0,44.0,40.0,48.0,53.0,58.0,56.0,54.0,48.0,44.0,45.0,52.0,56.0,63.0,58.0,55.9,189.0,287.0,169.0,151.0,154.0,222.0,,,North,North East,"2024,2025",13.101,77.596
Yashawanthapura,151.0,132.0,105.0,79.0,74.0,106.0,98.0,102.0,20.0,17.0,20.0,13.0,13.0,21.0,25.0,18.0,20.0,19.0,20.0,14.0,13.0,22.0,25.9,18.6,130.0,113.0,84.0,59.0,55.0,82.0,,,North,North,"2024,2025",13.024,77.553
